{"cameraMode":{"drawMode":0,"name":"Shaded","section":"Shading Mode"},"sceneLighting":true,"audioPlay":false,"sceneViewState":{"showFog":true,"showMaterialUpdate":false,"showSkybox":true,"showFlares":true,"showImageEffects":true,"showParticleSystems":true},"in2DMode":false,"pivot":{"x":14.264616966247559,"y":-132.471435546875,"z":124.89395904541016},"rotation":{"x":-0.5213220715522766,"y":-0.03812085837125778,"z":0.023320212960243226,"w":-0.8521909713745117},"size":174.49346923828126,"orthographic":false}