{"cameraMode":{"drawMode":0,"name":"Shaded","section":"Shading Mode"},"sceneLighting":false,"audioPlay":false,"sceneViewState":{"showFog":true,"showMaterialUpdate":false,"showSkybox":false,"showFlares":true,"showImageEffects":true,"showParticleSystems":true},"in2DMode":false,"pivot":{"x":0.0014252662658691407,"y":1.1028813123703004,"z":0.0},"rotation":{"x":0.09752251952886582,"y":-0.8399606347084045,"z":0.16094034910202027,"w":0.508984386920929},"size":3.1372270584106447,"orthographic":false}