{"cameraMode":{"drawMode":0,"name":"Shaded","section":"Shading Mode"},"sceneLighting":false,"audioPlay":false,"sceneViewState":{"showFog":true,"showMaterialUpdate":false,"showSkybox":false,"showFlares":true,"showImageEffects":true,"showParticleSystems":true},"in2DMode":false,"pivot":{"x":-12.989700317382813,"y":-0.1100616455078125,"z":4.508636474609375},"rotation":{"x":-0.3162347376346588,"y":-0.2363361418247223,"z":0.08170392364263535,"w":-0.9151746034622192},"size":128.91055297851563,"orthographic":false}