{"cameraMode":{"drawMode":0,"name":"Shaded","section":"Shading Mode"},"sceneLighting":false,"audioPlay":false,"sceneViewState":{"showFog":true,"showMaterialUpdate":false,"showSkybox":false,"showFlares":true,"showImageEffects":true,"showParticleSystems":true},"in2DMode":false,"pivot":{"x":-0.041881561279296878,"y":-0.168487548828125,"z":-0.2522392272949219},"rotation":{"x":-0.2551741302013397,"y":-0.5702621936798096,"z":0.19230668246746064,"w":-0.7568397521972656},"size":35.50886535644531,"orthographic":false}