{"cameraMode":{"drawMode":0,"name":"Shaded","section":"Shading Mode"},"sceneLighting":false,"audioPlay":false,"sceneViewState":{"showFog":true,"showMaterialUpdate":false,"showSkybox":false,"showFlares":true,"showImageEffects":true,"showParticleSystems":true},"in2DMode":false,"pivot":{"x":-0.0000019073486328125,"y":0.0,"z":0.000011444091796875},"rotation":{"x":0.02356204204261303,"y":0.9731436967849731,"z":-0.1161656454205513,"w":0.19738467037677766},"size":19.16388511657715,"orthographic":false}