{"cameraMode":{"drawMode":0,"name":"Shaded","section":"Shading Mode"},"sceneLighting":true,"audioPlay":false,"sceneViewState":{"showFog":true,"showMaterialUpdate":false,"showSkybox":true,"showFlares":true,"showImageEffects":true,"showParticleSystems":true},"in2DMode":false,"pivot":{"x":-9.010774612426758,"y":92.98242950439453,"z":44.279598236083987},"rotation":{"x":0.4288216829299927,"y":0.20581525564193726,"z":-0.10102876275777817,"w":0.8738440275192261},"size":18.519447326660158,"orthographic":false}