{"cameraMode":{"drawMode":0,"name":"Shaded","section":"Shading Mode"},"sceneLighting":false,"audioPlay":false,"sceneViewState":{"showFog":true,"showMaterialUpdate":false,"showSkybox":false,"showFlares":true,"showImageEffects":true,"showParticleSystems":true},"in2DMode":false,"pivot":{"x":12.382851600646973,"y":3.6602611541748049,"z":-5.2024149894714359},"rotation":{"x":-0.16040660440921784,"y":-0.6521276831626892,"z":0.1439366191625595,"w":-0.7269033789634705},"size":97.21279907226563,"orthographic":false}