{"cameraMode":{"drawMode":0,"name":"Shaded","section":"Shading Mode"},"sceneLighting":false,"audioPlay":false,"sceneViewState":{"showFog":true,"showMaterialUpdate":false,"showSkybox":false,"showFlares":true,"showImageEffects":true,"showParticleSystems":true},"in2DMode":false,"pivot":{"x":-14.33905029296875,"y":9.220422744750977,"z":22.922523498535158},"rotation":{"x":0.025486493483185769,"y":-0.02908937819302082,"z":0.0007415611762553453,"w":0.9992550611495972},"size":26.438737869262697,"orthographic":false}