{"cameraMode":{"drawMode":0,"name":"Shaded","section":"Shading Mode"},"sceneLighting":false,"audioPlay":false,"sceneViewState":{"showFog":true,"showMaterialUpdate":false,"showSkybox":false,"showFlares":true,"showImageEffects":true,"showParticleSystems":true},"in2DMode":false,"pivot":{"x":0.0,"y":-0.0000286102294921875,"z":-3.081289291381836},"rotation":{"x":0.09860825538635254,"y":0.6248613595962524,"z":-0.07998141646385193,"w":0.7703512907028198},"size":24.474185943603517,"orthographic":false}