{"cameraMode":{"drawMode":0,"name":"Shaded","section":"Shading Mode"},"sceneLighting":false,"audioPlay":false,"sceneViewState":{"showFog":true,"showMaterialUpdate":false,"showSkybox":false,"showFlares":true,"showImageEffects":true,"showParticleSystems":true},"in2DMode":false,"pivot":{"x":139.14566040039063,"y":213.29383850097657,"z":-0.77215576171875},"rotation":{"x":-0.05725844204425812,"y":0.026550602167844774,"z":-0.00152331474237144,"w":-0.9980083703994751},"size":94.967529296875,"orthographic":false}