{"cameraMode":{"drawMode":0,"name":"Shaded","section":"Shading Mode"},"sceneLighting":true,"audioPlay":false,"sceneViewState":{"showFog":true,"showMaterialUpdate":false,"showSkybox":true,"showFlares":true,"showImageEffects":true,"showParticleSystems":true},"in2DMode":false,"pivot":{"x":1532.714111328125,"y":614.2099609375,"z":0.0},"rotation":{"x":0.019498702138662339,"y":-0.0036016744561493398,"z":0.00006903924804646522,"w":0.9998038411140442},"size":950.6627197265625,"orthographic":true}