{"cameraMode":{"drawMode":0,"name":"Shaded","section":"Shading Mode"},"sceneLighting":false,"audioPlay":false,"sceneViewState":{"showFog":true,"showMaterialUpdate":false,"showSkybox":false,"showFlares":true,"showImageEffects":true,"showParticleSystems":true},"in2DMode":false,"pivot":{"x":11.109619140625,"y":-0.039825439453125,"z":-50.4852294921875},"rotation":{"x":-0.3162347376346588,"y":-0.2363361418247223,"z":0.08170392364263535,"w":-0.9151746034622192},"size":1541.4478759765625,"orthographic":false}