{"cameraMode":{"drawMode":0,"name":"Shaded","section":"Shading Mode"},"sceneLighting":false,"audioPlay":false,"sceneViewState":{"showFog":true,"showMaterialUpdate":false,"showSkybox":false,"showFlares":true,"showImageEffects":true,"showParticleSystems":true},"in2DMode":false,"pivot":{"x":64.0505142211914,"y":-8.742868423461914,"z":14.298331260681153},"rotation":{"x":0.11483730375766754,"y":0.6938232183456421,"z":-0.11356517672538758,"w":0.701865553855896},"size":61.44059753417969,"orthographic":false}