{"cameraMode":{"drawMode":0,"name":"Shaded","section":"Shading Mode"},"sceneLighting":true,"audioPlay":false,"sceneViewState":{"showFog":true,"showMaterialUpdate":false,"showSkybox":true,"showFlares":true,"showImageEffects":true,"showParticleSystems":true},"in2DMode":false,"pivot":{"x":-565.9522094726563,"y":187.19410705566407,"z":1003.0191650390625},"rotation":{"x":-0.2551741302013397,"y":-0.5702621936798096,"z":0.19230668246746064,"w":-0.7568397521972656},"size":50.686920166015628,"orthographic":false}