{"cameraMode":{"drawMode":0,"name":"Shaded","section":"Shading Mode"},"sceneLighting":false,"audioPlay":false,"sceneViewState":{"showFog":true,"showMaterialUpdate":false,"showSkybox":false,"showFlares":true,"showImageEffects":true,"showParticleSystems":true},"in2DMode":false,"pivot":{"x":-0.016953468322753907,"y":4.649843215942383,"z":-0.0027513504028320314},"rotation":{"x":0.09860825538635254,"y":0.6248613595962524,"z":-0.07998141646385193,"w":0.7703512907028198},"size":14.624438285827637,"orthographic":false}