{"cameraMode":{"drawMode":0,"name":"Shaded","section":"Shading Mode"},"sceneLighting":false,"audioPlay":false,"sceneViewState":{"showFog":true,"showMaterialUpdate":false,"showSkybox":false,"showFlares":true,"showImageEffects":true,"showParticleSystems":true},"in2DMode":false,"pivot":{"x":0.6567826271057129,"y":-0.2509366273880005,"z":1.2613354921340943},"rotation":{"x":0.17641763389110566,"y":0.48286253213882449,"z":-0.10002993792295456,"w":0.8519415855407715},"size":1.4728245735168458,"orthographic":false}