{"cameraMode":{"drawMode":0,"name":"Shaded","section":"Shading Mode"},"sceneLighting":true,"audioPlay":false,"sceneViewState":{"showFog":true,"showMaterialUpdate":false,"showSkybox":true,"showFlares":true,"showImageEffects":true,"showParticleSystems":true},"in2DMode":false,"pivot":{"x":-1161.4127197265625,"y":0.2519884705543518,"z":-306.45263671875},"rotation":{"x":-0.3876817226409912,"y":-0.38270336389541628,"z":0.18123909831047059,"w":-0.8188208937644959},"size":143.1542510986328,"orthographic":false}