{"cameraMode":{"drawMode":0,"name":"Shaded","section":"Shading Mode"},"sceneLighting":false,"audioPlay":false,"sceneViewState":{"showFog":true,"showMaterialUpdate":false,"showSkybox":false,"showFlares":true,"showImageEffects":true,"showParticleSystems":true},"in2DMode":false,"pivot":{"x":66.26776123046875,"y":3.5984225273132326,"z":16.309457778930665},"rotation":{"x":0.03023524023592472,"y":0.9541528224945068,"z":-0.10326661914587021,"w":0.2793371081352234},"size":99.09323120117188,"orthographic":false}