{"cameraMode":{"drawMode":0,"name":"Shaded","section":"Shading Mode"},"sceneLighting":true,"audioPlay":false,"sceneViewState":{"showFog":true,"showMaterialUpdate":false,"showSkybox":true,"showFlares":true,"showImageEffects":true,"showParticleSystems":true},"in2DMode":false,"pivot":{"x":846.5216064453125,"y":818.195068359375,"z":33495.890625},"rotation":{"x":-0.3272271156311035,"y":0.6040523648262024,"z":-0.2983070909976959,"w":-0.6626151204109192},"size":890.8118286132813,"orthographic":false}