{"cameraMode":{"drawMode":0,"name":"Shaded","section":"Shading Mode"},"sceneLighting":false,"audioPlay":false,"sceneViewState":{"showFog":true,"showMaterialUpdate":false,"showSkybox":true,"showFlares":true,"showImageEffects":true,"showParticleSystems":true},"in2DMode":false,"pivot":{"x":4.265888214111328,"y":1.6424082517623902,"z":-21.942474365234376},"rotation":{"x":0.09603934735059738,"y":-0.804420530796051,"z":0.13544411957263947,"w":0.5703960061073303},"size":18.394790649414064,"orthographic":false}