{"cameraMode":{"drawMode":0,"name":"Shaded","section":"Shading Mode"},"sceneLighting":true,"audioPlay":false,"sceneViewState":{"showFog":true,"showMaterialUpdate":false,"showSkybox":true,"showFlares":true,"showImageEffects":true,"showParticleSystems":true},"in2DMode":false,"pivot":{"x":926.8145751953125,"y":1364.1097412109375,"z":0.0},"rotation":{"x":0.08806197345256806,"y":-0.05476263538002968,"z":0.0048515694215893749,"w":0.9946025609970093},"size":451.3631286621094,"orthographic":false}