{"cameraMode":{"drawMode":0,"name":"Shaded","section":"Shading Mode"},"sceneLighting":true,"audioPlay":false,"sceneViewState":{"showFog":true,"showMaterialUpdate":false,"showSkybox":true,"showFlares":true,"showImageEffects":true,"showParticleSystems":true},"in2DMode":false,"pivot":{"x":211.28042602539063,"y":34.13739013671875,"z":-64.7484130859375},"rotation":{"x":0.20083735883235932,"y":0.3332657217979431,"z":-0.07289262115955353,"w":0.9183345437049866},"size":274.30145263671877,"orthographic":false}