{"cameraMode":{"drawMode":0,"name":"Shaded","section":"Shading Mode"},"sceneLighting":true,"audioPlay":false,"sceneViewState":{"showFog":true,"showMaterialUpdate":false,"showSkybox":true,"showFlares":true,"showImageEffects":true,"showParticleSystems":true},"in2DMode":false,"pivot":{"x":335.9317321777344,"y":345.9888610839844,"z":-193.77867126464845},"rotation":{"x":-0.060271698981523517,"y":-0.007888389751315117,"z":0.00047569588059559464,"w":-0.9981564879417419},"size":371.2840576171875,"orthographic":false}