{"cameraMode":{"drawMode":0,"name":"Shaded","section":"Shading Mode"},"sceneLighting":true,"audioPlay":false,"sceneViewState":{"showFog":true,"showMaterialUpdate":false,"showSkybox":true,"showFlares":true,"showImageEffects":true,"showParticleSystems":true},"in2DMode":false,"pivot":{"x":375.825439453125,"y":220.6126708984375,"z":-329.9141845703125},"rotation":{"x":0.04469884932041168,"y":-0.001859571784734726,"z":0.00007454968726960942,"w":0.999079704284668},"size":77.78175354003906,"orthographic":false}