{"cameraMode":{"drawMode":0,"name":"Shaded","section":"Shading Mode"},"sceneLighting":false,"audioPlay":false,"sceneViewState":{"showFog":true,"showMaterialUpdate":false,"showSkybox":false,"showFlares":true,"showImageEffects":true,"showParticleSystems":true},"in2DMode":false,"pivot":{"x":9.5367431640625e-7,"y":14.70879077911377,"z":1.9598255157470704},"rotation":{"x":0.11483730375766754,"y":0.6938232183456421,"z":-0.11356517672538758,"w":0.701865553855896},"size":44.05951690673828,"orthographic":false}