{"cameraMode":{"drawMode":0,"name":"Shaded","section":"Shading Mode"},"sceneLighting":false,"audioPlay":false,"sceneViewState":{"showFog":true,"showMaterialUpdate":false,"showSkybox":false,"showFlares":true,"showImageEffects":true,"showParticleSystems":true},"in2DMode":false,"pivot":{"x":-20.771303176879884,"y":6.971827983856201,"z":0.41575393080711367},"rotation":{"x":0.11072400212287903,"y":0.8450648188591003,"z":-0.19235628843307496,"w":0.48643773794174197},"size":36.986812591552737,"orthographic":false}