{"cameraMode":{"drawMode":0,"name":"Shaded","section":"Shading Mode"},"sceneLighting":true,"audioPlay":false,"sceneViewState":{"showFog":true,"showMaterialUpdate":false,"showSkybox":true,"showFlares":true,"showImageEffects":true,"showParticleSystems":true},"in2DMode":false,"pivot":{"x":152.4700927734375,"y":230.4000244140625,"z":0.0},"rotation":{"x":0.06249206140637398,"y":-0.07070455700159073,"z":-0.004438905511051416,"w":-0.9955334663391113},"size":637.7012329101563,"orthographic":false}