{"cameraMode":{"drawMode":0,"name":"Shaded","section":"Shading Mode"},"sceneLighting":false,"audioPlay":false,"sceneViewState":{"showFog":true,"showMaterialUpdate":false,"showSkybox":false,"showFlares":true,"showImageEffects":true,"showParticleSystems":true},"in2DMode":false,"pivot":{"x":-0.0003814697265625,"y":10.01430892944336,"z":-2.848592758178711},"rotation":{"x":0.05855685845017433,"y":-0.9410834908485413,"z":0.22164924442768098,"w":0.24862825870513917},"size":39.729591369628909,"orthographic":false}