{"cameraMode":{"drawMode":0,"name":"Shaded","section":"Shading Mode"},"sceneLighting":false,"audioPlay":false,"sceneViewState":{"showFog":true,"showMaterialUpdate":false,"showSkybox":false,"showFlares":true,"showImageEffects":true,"showParticleSystems":true},"in2DMode":false,"pivot":{"x":-0.0003814697265625,"y":10.01430892944336,"z":-2.848592758178711},"rotation":{"x":0.11061078310012818,"y":-0.09130673110485077,"z":0.010205780155956746,"w":0.9896141290664673},"size":39.729591369628909,"orthographic":false}