{"cameraMode":{"drawMode":0,"name":"Shaded","section":"Shading Mode"},"sceneLighting":false,"audioPlay":false,"sceneViewState":{"showFog":true,"showMaterialUpdate":false,"showSkybox":false,"showFlares":true,"showImageEffects":true,"showParticleSystems":true},"in2DMode":false,"pivot":{"x":3.473179817199707,"y":11.577188491821289,"z":9.67409896850586},"rotation":{"x":0.08485154062509537,"y":-0.9140751361846924,"z":0.2562391459941864,"w":0.30270472168922427},"size":14.251664161682129,"orthographic":false}