{"cameraMode":{"drawMode":0,"name":"Shaded","section":"Shading Mode"},"sceneLighting":false,"audioPlay":false,"sceneViewState":{"showFog":true,"showMaterialUpdate":true,"showSkybox":false,"showFlares":true,"showImageEffects":true,"showParticleSystems":true},"in2DMode":false,"pivot":{"x":2.606651782989502,"y":-0.005586683750152588,"z":-16.13541603088379},"rotation":{"x":0.09603934735059738,"y":-0.804420530796051,"z":0.13544411957263947,"w":0.5703960061073303},"size":45.157981872558597,"orthographic":false}