{"cameraMode":{"drawMode":0,"name":"Shaded","section":"Shading Mode"},"sceneLighting":true,"audioPlay":false,"sceneViewState":{"showFog":true,"showMaterialUpdate":false,"showSkybox":true,"showFlares":true,"showImageEffects":true,"showParticleSystems":true},"in2DMode":false,"pivot":{"x":-58.25665283203125,"y":0.6537380218505859,"z":3229.71337890625},"rotation":{"x":-0.1466871052980423,"y":-0.195692241191864,"z":0.029638975858688356,"w":-0.9692173004150391},"size":50.82978820800781,"orthographic":false}