{"cameraMode":{"drawMode":0,"name":"Shaded","section":"Shading Mode"},"sceneLighting":false,"audioPlay":false,"sceneViewState":{"showFog":true,"showMaterialUpdate":false,"showSkybox":false,"showFlares":true,"showImageEffects":true,"showParticleSystems":true},"in2DMode":false,"pivot":{"x":0.7798748016357422,"y":-0.8639326095581055,"z":0.5137519836425781},"rotation":{"x":0.037324052304029468,"y":0.9590058922767639,"z":-0.15113447606563569,"w":0.23683787882328034},"size":9.72938060760498,"orthographic":false}