{"cameraMode":{"drawMode":0,"name":"Shaded","section":"Shading Mode"},"sceneLighting":false,"audioPlay":false,"sceneViewState":{"showFog":true,"showMaterialUpdate":false,"showSkybox":false,"showFlares":true,"showImageEffects":true,"showParticleSystems":true},"in2DMode":false,"pivot":{"x":-9.550000190734864,"y":3.8499999046325685,"z":-1.7999999523162842},"rotation":{"x":-0.3162347376346588,"y":-0.2363361418247223,"z":0.08170392364263535,"w":-0.9151746034622192},"size":106.75138854980469,"orthographic":false}