{"cameraMode":{"drawMode":0,"name":"Shaded","section":"Shading Mode"},"sceneLighting":true,"audioPlay":false,"sceneViewState":{"showFog":true,"showMaterialUpdate":false,"showSkybox":true,"showFlares":true,"showImageEffects":true,"showParticleSystems":true},"in2DMode":false,"pivot":{"x":463.8429870605469,"y":582.3887939453125,"z":-190.037841796875},"rotation":{"x":0.19769695401191712,"y":-0.20740947127342225,"z":-0.04284248873591423,"w":-0.9571173787117004},"size":808.8348999023438,"orthographic":false}