{"cameraMode":{"drawMode":0,"name":"Shaded","section":"Shading Mode"},"sceneLighting":false,"audioPlay":false,"sceneViewState":{"showFog":true,"showMaterialUpdate":false,"showSkybox":false,"showFlares":true,"showImageEffects":true,"showParticleSystems":true},"in2DMode":false,"pivot":{"x":-0.247406005859375,"y":3.86102294921875,"z":267.786865234375},"rotation":{"x":-0.08660542964935303,"y":0.0007686506723985076,"z":-0.000017970709450310096,"w":-0.9962854385375977},"size":165.63925170898438,"orthographic":false}