{"cameraMode":{"drawMode":0,"name":"Shaded","section":"Shading Mode"},"sceneLighting":false,"audioPlay":false,"sceneViewState":{"showFog":true,"showMaterialUpdate":false,"showSkybox":false,"showFlares":true,"showImageEffects":true,"showParticleSystems":true},"in2DMode":false,"pivot":{"x":607.1127319335938,"y":114.28480529785156,"z":46.5401725769043},"rotation":{"x":-0.20897668600082398,"y":0.5949732661247253,"z":-0.1639014631509781,"w":-0.7585991621017456},"size":66.70832061767578,"orthographic":false}