{"cameraMode":{"drawMode":0,"name":"Shaded","section":"Shading Mode"},"sceneLighting":true,"audioPlay":false,"sceneViewState":{"showFog":true,"showMaterialUpdate":false,"showSkybox":true,"showFlares":true,"showImageEffects":true,"showParticleSystems":true},"in2DMode":false,"pivot":{"x":-1.6547726392745972,"y":9.572090148925782,"z":-6.990650177001953},"rotation":{"x":0.5853978991508484,"y":-0.021245284005999566,"z":0.015341447666287423,"w":0.8103379607200623},"size":132.92335510253907,"orthographic":false}