{"cameraMode":{"drawMode":0,"name":"Shaded","section":"Shading Mode"},"sceneLighting":false,"audioPlay":false,"sceneViewState":{"showFog":true,"showMaterialUpdate":false,"showSkybox":false,"showFlares":true,"showImageEffects":true,"showParticleSystems":true},"in2DMode":false,"pivot":{"x":-13.565544128417969,"y":5.734135627746582,"z":-11.565382957458496},"rotation":{"x":0.038628578186035159,"y":0.8720111846923828,"z":-0.06974273175001145,"w":0.48297223448753359},"size":10.100105285644532,"orthographic":false}