{"cameraMode":{"drawMode":0,"name":"Shaded","section":"Shading Mode"},"sceneLighting":false,"audioPlay":false,"sceneViewState":{"showFog":true,"showMaterialUpdate":false,"showSkybox":false,"showFlares":true,"showImageEffects":true,"showParticleSystems":true},"in2DMode":false,"pivot":{"x":-0.0000019073486328125,"y":0.0,"z":-8.504729270935059},"rotation":{"x":0.09860825538635254,"y":0.6248613595962524,"z":-0.07998141646385193,"w":0.7703512907028198},"size":40.51097106933594,"orthographic":false}