{"cameraMode":{"drawMode":0,"name":"Shaded","section":"Shading Mode"},"sceneLighting":false,"audioPlay":false,"sceneViewState":{"showFog":true,"showMaterialUpdate":false,"showSkybox":false,"showFlares":true,"showImageEffects":true,"showParticleSystems":true},"in2DMode":false,"pivot":{"x":808.1287841796875,"y":2921.580322265625,"z":34.9283332824707},"rotation":{"x":-0.07668184489011765,"y":0.03697959706187248,"z":-0.002845976734533906,"w":-0.9963693618774414},"size":331.6478576660156,"orthographic":false}