{"cameraMode":{"drawMode":0,"name":"Shaded","section":"Shading Mode"},"sceneLighting":false,"audioPlay":false,"sceneViewState":{"showFog":true,"showMaterialUpdate":false,"showSkybox":false,"showFlares":true,"showImageEffects":true,"showParticleSystems":true},"in2DMode":false,"pivot":{"x":3.154860496520996,"y":1.7323986291885377,"z":-0.1649942845106125},"rotation":{"x":-0.20368999242782594,"y":-0.2796448767185211,"z":0.06085816025733948,"w":-0.9363282918930054},"size":3.779707193374634,"orthographic":false}