{"cameraMode":{"drawMode":0,"name":"Shaded","section":"Shading Mode"},"sceneLighting":false,"audioPlay":false,"sceneViewState":{"showFog":true,"showMaterialUpdate":false,"showSkybox":false,"showFlares":true,"showImageEffects":true,"showParticleSystems":true},"in2DMode":false,"pivot":{"x":-11.152254104614258,"y":8.27656364440918,"z":22.038246154785158},"rotation":{"x":0.04175915941596031,"y":0.9495105743408203,"z":-0.14380496740341187,"w":0.27572840452194216},"size":39.64540100097656,"orthographic":false}