{"cameraMode":{"drawMode":0,"name":"Shaded","section":"Shading Mode"},"sceneLighting":false,"audioPlay":false,"sceneViewState":{"showFog":true,"showMaterialUpdate":false,"showSkybox":false,"showFlares":true,"showImageEffects":true,"showParticleSystems":true},"in2DMode":false,"pivot":{"x":0.0,"y":1.831558108329773,"z":0.43370920419692995},"rotation":{"x":0.11072400212287903,"y":0.8450648188591003,"z":-0.19235628843307496,"w":0.48643773794174197},"size":2.8945939540863039,"orthographic":false}