{"cameraMode":{"drawMode":0,"name":"Shaded","section":"Shading Mode"},"sceneLighting":false,"audioPlay":false,"sceneViewState":{"showFog":true,"showMaterialUpdate":false,"showSkybox":false,"showFlares":true,"showImageEffects":true,"showParticleSystems":true},"in2DMode":false,"pivot":{"x":0.0,"y":1.871500015258789,"z":0.39924997091293337},"rotation":{"x":0.024073036387562753,"y":0.9534417986869812,"z":-0.07913514226675034,"w":0.2900320887565613},"size":2.678427219390869,"orthographic":false}