{"cameraMode":{"drawMode":0,"name":"Shaded","section":"Shading Mode"},"sceneLighting":false,"audioPlay":false,"sceneViewState":{"showFog":true,"showMaterialUpdate":false,"showSkybox":false,"showFlares":true,"showImageEffects":true,"showParticleSystems":true},"in2DMode":false,"pivot":{"x":-4.7021636962890629,"y":-7.414703369140625,"z":10.9970703125},"rotation":{"x":-0.3162347376346588,"y":-0.2363361418247223,"z":0.08170392364263535,"w":-0.9151746034622192},"size":186.33670043945313,"orthographic":false}