{"cameraMode":{"drawMode":0,"name":"Shaded","section":"Shading Mode"},"sceneLighting":false,"audioPlay":false,"sceneViewState":{"showFog":true,"showMaterialUpdate":false,"showSkybox":false,"showFlares":true,"showImageEffects":true,"showParticleSystems":true},"in2DMode":false,"pivot":{"x":-0.016953468322753907,"y":4.649843215942383,"z":-0.0027513504028320314},"rotation":{"x":0.06111076846718788,"y":0.5498858690261841,"z":-0.04037627577781677,"w":0.83203125},"size":14.624438285827637,"orthographic":false}